"index","multilocus","individ_id"
"1","SEP0152503","182182123127112120147151164166130132148150246248",0
"2","SEP0155335","182182123127112120147151164166130132148150246248",0
"3","SEP0152509","178184127127098104151151166173128132140150246250",1
"4","SEP0155779","178184127127098104151151166173128132140150246250",1
"5","SEP0152514","174182125127112112147151170172130132140152000000",2
"6","SEP0155969","174182125127110112147151170172130132140152232250",2
"7","SEP0152523","182182127127096120141151172176130132144152246248",3
"8","SEP0163672","182182127127096120141151172176130132144152246248",3
"9","SEP0152544","178182125127116116151151172174108124140148248256",4
"10","SEP0155305","178182125127116116151151172174108124140148248256",4
"11","SEP0152555","182182125127116116135151173173132132140150250256",5
"12","SEP0153063","182182125127116116135151173173132132140150250256",5
"13","SEP0159489","182182125127116120135151173173124132140150256256",5
"14","SEP0159481","182182125127116120135151173173124132140150256256",5
"15","SEP0159498","182182125127116120135151173173124132140150256256",5
"16","SEP0159469","182182125127116120135151173173124132140150256256",5
"17","SEP0153885","182182125127116120135151173173124132140150256256",5
"18","SEP0152557","182188109125098116151151164166124130140140232256",6
"19","SEP0164378","182188109125098116151151164166124130140140232256",6
"20","SEP0152580","174188123127104116151151166170134136140150250250",7
"21","SEP0152594","174188123127104116151151166170134136140150250250",7
"22","SEP0155327","174188123127104116151151166170134136140150250250",7
"23","SEP0155333","174188123127104116151151166170134136140150250250",7
"24","SEP0152582","182182125127112122147151166166128130150152246246",8
"25","SEP0152584","172182125127098120135151166173128132140150246250",9
"26","SEP0154150","172182125127098120135151166173128132140150246250",9
"27","SEP0152593","172188117125098116143151176176124124140142232256",10
"28","SEP0152549","172188117125098116143151176176124124140142232256",10
"29","SEP0152573","172188117125098116143151176176124124140142232256",10
"30","SEP0164366","172188109125116116143151176176124124140142248256",10
"31","SEP0152597","182188107127096112151151166170130134140142250256",11
"32","SEP0152787","182182127127116116151151166172124132140150232246",12
"33","SEP0160061","182182127127116116151151166172124132140150232246",12
"34","SEP0160633","182182127127116116151151166176124130140150000000",12
"35","SEP0152860","182182125125098120135151166172130130140140248250",13
"36","SEP0152864","182182125127116124141151166170110136140150248256",14
"37","SEP0152897","182182127127116120147151172172110134132150230238",15
"38","SEP0163437","182182127127116120147151172172110132132150232240",15
"39","SEP0152955","172182117127110112135151170172124132132140246252",16
"40","SEP0152994","172182117127110112135151170172124132132140246252",16
"41","SEP0159538","172182117127110112135000170172124132132140252252",16
"42","SEP0152959","182182117121110112135135170172124132140140250252",17
"43","SEP0152963","182182117121110112135135170172124132140140250252",17
"44","SEP0152969","182182117121110112135135170172124132140140250252",17
"45","SEP0152987","182182121127110112135135170172124128132140228250",18
"46","SEP0153075","172184125125112120147149166170124132140150240248",19
"47","SEP0162513","172184125125112120147147166170132132140150240248",19
"48","SEP0153077","182184125127110112141147170170124124140150240240",20
"49","SEP0153112","182182125127098098143151170176124136140150246246",21
"50","SEP0154129","182182125127098098143151170176124136140150246246",21
"51","SEP0153129","182182125127098098143151170176124136140150246246",21
"52","SEP0158874","182182125127098098143151170176124136140150246246",21
"53","SEP0158934","182182125127098098000000170176124136140150246246",21
"54","SEP0160333","182182125127098098000000170176124136140150246246",21
"55","SEP0161574","182182125127096096143151170176124136000000246246",21
"56","SEP0160734","182182125127096096000000170176124136140150246246",21
"57","SEP0153136","178182125127116120143151176176124132140140232250",22
"58","SEP0155719","178182125127116120143151176176124132140140232250",22
"59","SEP0156559","178182125127116120143151176176124132140140232250",22
"60","SEP0153205","182184125127098116141151170176132136140152246250",23
"61","SEP0153221","174182127127116116151151166173124130140150232248",24
"62","SEP0153211","174182127127116116151151166173124130140150232248",24
"63","SEP0160633","182182127127116116151151166176124130140150000000",24
"64","SEP0153228","182188125127124124151151172176128128142150248250",25
"65","SEP0153244","182182115127110122141147176176130130142150238248",26
"66","SEP0153246","182182107121098110141147166176128128150152246248",27
"67","SEP0153255","182186125127120120145151170172124124140150246246",28
"68","SEP0153258","172182125127112116000000170170124132142152000000",29
"69","SEP0156092","172182125127112116141151166170124132142152240246",29
"70","SEP0153260","172182000000116116149149170170124124142152240246",30
"71","SEP0153262","182182125127116120151151164166124130140152238250",31
"72","SEP0153273","182182125127116120151151164166124130140152240250",31
"73","SEP0153209","182182125127116120151151164166124130140152240250",31
"74","SEP0156254","182182125127116120151151164166124130140152240250",31
"75","SEP0153285","182188127127116120151151166166124130140152248248",32
"76","SEP0155882","182188127127116120151151166170124130140152248250",32
"77","SEP0153297","172172125127118124135147166166124124140148232248",33
"78","SEP0153839","172172125127120122135147166166124124140148248248",33
"79","SEP0153308","182182123127098122149151172176124130142142248256",34
"80","SEP0153321","172178121127098098141141166172132132140150240246",35
"81","SEP0153338","182188109127110120147151164170110136150150248256",36
"82","SEP0154522","182188107127110120147151164170110136150150248256",36
"83","SEP0156672","182188109127110120000000170170110136150150248256",36
"84","SEP0162932","182188109127110122147151170170110136150150254256",36
"85","SEP0153372","182184127127110116147151166172124128140142246248",37
"86","SEP0155655","182184127127110116147151166172124128140142246248",37
"87","SEP0153378","172188117125112116141141172172124132150152248250",38
"88","SEP0153388","174182127127098112141151166170128130140150232232",39
"89","SEP0159303","174182127127098112141151166170128130140150232240",39
"90","SEP0163021","174182127127098112141151166170128130140150232240",39
"91","SEP0153432","178178127127112120147151164170132132140140246250",40
"92","SEP0153433","172188123127104112141151170176124130140150248254",41
"93","SEP0153446","184188121125116116151151166172124124140150248250",42
"94","SEP0153564","174184125127110112000000166170110124150150240248",43
"95","SEP0161183","174184125127110112141147166170110124150150240248",43
"96","SEP0153602","172182123127098122135141172176130136140148244250",44
"97","SEP0153615","182184127127098112151151166176130136150150248248",45
"98","SEP0164052","182184127127098112151151166176130136150150248248",45
"99","SEP0160095","182184127127098112151151166176130136150150248248",45
"100","SEP0164004","182184127127098112151151166176130136150150248248",45
"101","SEP0164022","182184127127096112151151166176130136150150248248",45
"102","SEP0164039","182184127127096112151151166176130136150150248248",45
"103","SEP0164023","182184127127096112151151166176130136150150248248",45
"104","SEP0164063","182184127127098112151151166176132138150150248248",45
"105","SEP0153617","174182125127116116135143172174134134142152248256",46
"106","SEP0153630","182184127127112120151151170176130132140150246256",47
"107","SEP0156639","182184127127112120151151170176130132140140246256",47
"108","SEP0153772","174178127127120122141151166176124124140144246250",48
"109","SEP0163695","174178127127120122141151166176124124140144246250",48
"110","SEP0153776","182182127127096120151151166173110130150150246248",49
"111","SEP0163810","182182127127098120151151166173110130150150246248",49
"112","SEP0153805","172188127127116116000000164174130130140152232240",50
"113","SEP0153808","182182125127122122141151170176124136140150248250",51
"114","SEP0157202","182182125127122122141151170176124136140150248250",51
"115","SEP0153817","174182123125112116141151170172132134150150250256",52
"116","SEP0161766","174182123125112116141151170172132134150150250256",52
"117","SEP0152516","174182123125112116000000170172132134000000250256",52
"118","SEP0153825","182188127127110110147149166166124128150152240250",53
"119","SEP0153833","182182123127096116151151166176132132148150248248",54
"120","SEP0156371","182182123127096116151151166176132132148150248248",54
"121","SEP0155832","182182123127098116151151166176132132148150248248",54
"122","SEP0153834","172188125127116120141147170172132132150150240250",55
"123","SEP0162776","172188125127116120141147170172132132150150240250",55
"124","SEP0153837","180180127127096096141141169169112112130130246246",56
"125","SEP0153842","174182117121110110141141176176128130150150248248",57
"126","SEP0153229","174182117121110122141141176176124130150150248252",57
"127","SEP0153238","174182117121110122141141176176124130150150248252",57
"128","SEP0153849","172182125127116120141141170174110130140150250250",58
"129","SEP0162620","172172125125116120141141170174110132140150250250",58
"130","SEP0153855","182182125127096110135000172176130134144150246246",59
"131","SEP0156372","182182125127098110135151172176130134144150246248",59
"132","SEP0153868","182184125127120120141151170170124128148152248248",60
"133","SEP0153884","182184125127120120141151170170124128148152248248",60
"134","SEP0153870","182182127127116116151153166174110130144150250256",61
"135","SEP0155326","182182127127116116151151166174110130144150250256",61
"136","SEP0153882","176192119129112112000000176176000000130144232232",62
"137","SEP0153892","182182125127116120151151166170124132148150248256",63
"138","SEP0154107","182182127127110118135151166172132134140140232250",64
"139","SEP0154120","182182123125114122145151170176130132140150230246",65
"140","SEP0163901","182182123125114122145151170176130132140150232246",65
"141","SEP0159539","182182123125114122145151170176130132140150232246",65
"142","SEP0162497","182182123125114122145151170176130132140150232246",65
"143","SEP0163201","182182123125114122145151170176130132140150232246",65
"144","SEP0154122","172184123127096112000000170172132136150150000000",66
"145","SEP0154152","172182125127110116141151172176124132150152246248",67
"146","SEP0152596","172182125127110116141151172176124132150152246248",67
"147","SEP0154149","172182125127110116141151172176124132150152246248",67
"148","SEP0152595","172182125127110116141151172176124132150152246248",67
"149","SEP0154155","174182127127098110141143170170124132148150248256",68
"150","SEP0154165","182188123127112116141151164170124130150150240256",69
"151","SEP0154408","182188123127112116141151164170124130150150240256",69
"152","SEP0161510","182188123127112116141151164170124130150150240256",69
"153","SEP0161532","182188123127112116141151164170124130150150240256",69
"154","SEP0157124","182188123127112116141151164170124130150150240256",69
"155","SEP0154166","178188000000098110135135170170128134140000246248",70
"156","SEP0154182","174184117125096116141147166170132132148150232256",71
"157","SEP0157370","174184117125096116141147166170132132148150232256",71
"158","SEP0160716","174184117125098116141147166170132132148150232256",71
"159","SEP0157418","174184117125098116141147166170132132148150232256",71
"160","SEP0157373","174184115125096116147147166170132132148150000000",71
"161","SEP0154525","182182127127110110141145170176110130140150250256",72
"162","SEP0153344","182182127127110110141145170176110130140150250256",72
"163","SEP0153366","182182127127110110141145170176110130140150250256",72
"164","SEP0160024","182182127127110110141145170176110130140150250256",72
"165","SEP0156018","182182127127110110141145170176108130140150250256",72
"166","SEP0154575","178182117127114118000000176176130132150150240246",73
"167","SEP0154607","182184127127110120135151170176130134140152246248",74
"168","SEP0157133","182184127127110120135151170176130136140152246248",74
"169","SEP0154612","182182127127116122141151166170124136140148240248",75
"170","SEP0154718","172182000000098116000000166172124132140140246250",76
"171","SEP0154728","174182127127110116143147166166124124142150250250",77
"172","SEP0154743","182188127127112116147151170176128132140152232248",78
"173","SEP0162288","182188127127112116147151170176128132140152232000",78
"174","SEP0154785","182188109123110112151151170173110134148150246256",79
"175","SEP0158053","182188109123110112151151170173110134148150246256",79
"176","SEP0163326","182188109123110112151151170173110134148150246256",79
"177","SEP0154786","174188127127110122135141164176128132140150248250",80
"178","SEP0154790","174188125127098110135151176176110128142150248250",81
"179","SEP0155661","174188125127098110135151176176110128142150248250",81
"180","SEP0154792","182182125127110112141147166170124132140150248256",82
"181","SEP0163279","182182125127110112141147166170124132140150248256",82
"182","SEP0162930","182182125127110112141147166170124132140150248256",82
"183","SEP0156025","182182125127110112141147166170124132140150248256",82
"184","SEP0155617","182182125127110112141147166170124132140150248256",82
"185","SEP0154931","172182123127096120151151174176124130140152248248",83
"186","SEP0154932","172182123127096120151151174176124130140152248248",83
"187","SEP0154921","172182123127096120151151174176124130140152248248",83
"188","SEP0154986","182182000000000000151151172172124132148150240250",84
"189","SEP0155051","174182121127110120141151170174128132140140250252",85
"190","SEP0161695","174182121127110120141151170174128132140140250252",85
"191","SEP0155058","182182125127110122141145166174124130140142228238",86
"192","SEP0155066","182186123125110122141145166174124128132150236246",87
"193","SEP0155076","172184125127116116141151170174132136140140246250",88
"194","SEP0155086","172172125127112122153153000000000000150150228228",89
"195","SEP0155303","172182127127098118000000000000124132140140248250",90
"196","SEP0155323","182188119127000000139139000000110124150152248256",91
"197","SEP0155324","178182125127104112141151173176124132150150246250",92
"198","SEP0161769","178182125127104112141151174176124132150150246250",92
"199","SEP0155328","182182127127116122141151166176124132140150246250",93
"200","SEP0155334","178182127127098104151151173176124132148150246250",94
"201","SEP0155389","178182127127098104151151173176124132148150246250",94
"202","SEP0158923","178182127127098104151151173176124132148150246250",94
"203","SEP0161182","178182127127098104151151173176124132148150246250",94
"204","SEP0155957","178182127127096102151151173176124132148150246250",94
"205","SEP0155338","182182123127098120141143166170130132148150248248",95
"206","SEP0155348","182184127127098112141151170176124132148152248256",96
"207","SEP0159838","182184127127098112141151170176124132148152248256",96
"208","SEP0155302","182184127127098112141151170176124132148152248256",96
"209","SEP0155383","182188125127112114151151170172110128140150240250",97
"210","SEP0155343","182188125127112114151151170172110128140150240250",97
"211","SEP0155306","182188125127112114151151170172110128140150240250",97
"212","SEP0155385","174182125125110112141143170170124132150150248250",98
"213","SEP0155367","174182125125110112141143170170124132150150248250",98
"214","SEP0161779","174182125125110112141143170170124132150150248250",98
"215","SEP0155399","174188127127116122151151166176130132140150246256",99
"216","SEP0152550","174188127127116122151151166176130132140150246256",99
"217","SEP0161140","174188127127116122151151166176130132140150246256",99
"218","SEP0152502","174188127127116122151151166176130132140150246256",99
"219","SEP0155404","172182125127110116135143170172124132140150248248",100
"220","SEP0155445","188188125127122122151151176176128128142150250250",101
"221","SEP0155534","174182123127098122151151166166124124140144240250",102
"222","SEP0164089","174182123127098120151151166166124124140144240250",102
"223","SEP0164011","174182123127098120151151166166124124140144240250",102
"224","SEP0153771","174182123127098120151151166166124124140144240250",102
"225","SEP0154303","174182123127098120151151166166124124140144240250",102
"226","SEP0154325","174182123127098120151151166166124124140144240250",102
"227","SEP0155557","172182127127096116141141166176124136140148240250",103
"228","SEP0155330","172182127127098116141141166176124136140148240250",103
"229","SEP0157598","172182127127096116141141166170132136140148248250",103
"230","SEP0155586","172182127127096116141141170172108130150152248250",104
"231","SEP0155625","172174127127110122149151166170110124140140240246",105
"232","SEP0155631","182188125127096116151151166174110128150150240250",106
"233","SEP0155642","182184127127096112141151164170124124140148240256",107
"234","SEP0155663","178188127127112120135141166172110128140150248248",108
"235","SEP0158050","178188127127112120135141166172108128140150248248",108
"236","SEP0154788","178188127127112120135141166172108128140150248248",108
"237","SEP0155671","172174127127110122141149166166124124144150240246",109
"238","SEP0155644","172174127127110122141149166166124124144150240246",109
"239","SEP0155672","172174127127110122141149166166124124144150240246",109
"240","SEP0158941","172174127127110122141149166166124124144150240246",109
"241","SEP0153339","172174127127110122141149166166124124144150240246",109
"242","SEP0155675","182184123127110122147151166170110128150150230250",110
"243","SEP0155627","182184123127110122147151166170110128150150230250",110
"244","SEP0155664","182184123127110120147151166170110128150150230250",110
"245","SEP0155678","178182127127110122141147170172110128140150250254",111
"246","SEP0155686","172182123127096116147151172176124130140152240248",112
"247","SEP0155699","182186123127110122141147166172128128150150248250",113
"248","SEP0156669","182186123127110122141147166172128128150150248250",113
"249","SEP0155711","172174125125116116141143172174132132140150248248",114
"250","SEP0164098","172174125125116116141143172174132132140150248248",114
"251","SEP0154526","172174125125116116141143172174132132140150248248",114
"252","SEP0162479","172174125125116116141143172174132132140150248248",114
"253","SEP0155736","182182127127116116000000176176124124000000246246",115
"254","SEP0155770","182188107127096112151151173176110132142150248248",116
"255","SEP0156281","182188107127098112151151173176110132142150248248",116
"256","SEP0164067","182188109127098112151151173176110132142150248248",116
"257","SEP0156547","182188109127098112151151173176110132142150248248",116
"258","SEP0163864","182188109127098112151151173176110132142150248248",116
"259","SEP0162926","182188107127098112151151173176108132142150248248",116
"260","SEP0155771","172172127127112116143151170176124136140150232248",117
"261","SEP0163020","172172127127112116143151170176124136140150232248",117
"262","SEP0162922","172172125127112116143151170176124136140150232248",117
"263","SEP0155782","182182125127098116151151172176124136140142246246",118
"264","SEP0163829","182182125127098116151151172176124136140142246246",118
"265","SEP0158044","182182125127096116151151172176124136140142246246",118
"266","SEP0155778","182182125127096116151151172176124136140142246246",118
"267","SEP0155755","182182125127096116151151172176124136140142246246",118
"268","SEP0155787","172178125127098098151151166176132136140150246250",119
"269","SEP0155799","174182125127116116000000172174132132000000248256",120
"270","SEP0155804","182184109127110110143151166166132132142152250256",121
"271","SEP0155312","182184107127110110143151166166132132142152250256",121
"272","SEP0162364","182184107127110110143151166166132132142152250256",121
"273","SEP0155834","172182125127110120149151170170124124150150248250",122
"274","SEP0155869","172174127127098116147147166172128132140142228248",123
"275","SEP0155437","172174127127098116147147166172128132140142228248",123
"276","SEP0155940","182182117127110122141147170176130136148150248248",124
"277","SEP0155760","182182117127110122141147170176130136148150248248",124
"278","SEP0155967","172182127127112122141147172176130132140152232250",125
"279","SEP0155966","172182127127112122141147172176130132140152232250",125
"280","SEP0155965","172182127127112122141147172176130132140152232250",125
"281","SEP0156007","188188127127098122141151164166110132150142246250",126
"282","SEP0156066","188188127127098110135151164176130132142150248250",127
"283","SEP0153349","188188127127098110135151164176130132142150248250",127
"284","SEP0156096","182188123127112116147151172173110128142148250256",128
"285","SEP0156101","182188109127112116151151170173110130142150248248",129
"286","SEP0164195","182188107127112116151151170174108130142150248248",129
"287","SEP0156125","182184123127110112141147170170124136142148244248",130
"288","SEP0156185","172178125127110120141147170172124132140140246252",131
"289","SEP0157422","172178125127110120141147170172124132140140246252",131
"290","SEP0161012","172178125127110120141147170172124132140140246252",131
"291","SEP0156202","182188121123112112141151170172134136148150250256",132
"292","SEP0158806","182188121123112112141151170172134136148150252256",132
"293","SEP0162097","182188121123110112000000170172134136148150250250",132
"294","SEP0156310","174182125127110120151151166170124136140140250250",133
"295","SEP0156387","182188123127112120141145170170124128148150000000",134
"296","SEP0156388","182182127127098116147147166166110124140150000000",135
"297","SEP0156460","182184125125112116151151170176132132140150230248",136
"298","SEP0156478","172182121127116122141141170176128132150152230248",137
"299","SEP0164080","172182121127116122141141170176128132150152230248",137
"300","SEP0164035","172182121127116122141141170176128132150152232248",137
"301","SEP0156500","182188125127120122135151166176128130140150246250",138
"302","SEP0153626","182188125127120122135151166176128130140150246250",138
"303","SEP0156502","178182127127110122141145176176124130140150248250",139
"304","SEP0156560","172182123127120122135145166176108124148150248256",140
"305","SEP0153603","172182123127120122135145166176110124148150248256",140
"306","SEP0156574","182182127127112120143143170173132132142150250256",141
"307","SEP0160377","182182127127112120143143170173132132142150250256",141
"308","SEP0157010","182182127127120120143143170170132132140150250256",141
"309","SEP0157034","182182127127120120000000000000132132142150250256",141
"310","SEP0153114","182182127127120120143143170170132132140150250256",141
"311","SEP0155529","182182127127120120143143170170132132140150250256",141
"312","SEP0157032","182182127127120120143143170170132132140150250256",141
"313","SEP0156610","178182000000098112000000170170124128140148246246",142
"314","SEP0156623","172182127127116122141141166176132136140148240248",143
"315","SEP0155314","172182127127116122141141166176132136140148240248",143
"316","SEP0156625","172182127127116122141141166176132136140148240248",143
"317","SEP0155350","172182127127116122141141166176132136140148240248",143
"318","SEP0156670","182182109127112120149151164170110136140148240246",144
"319","SEP0156054","182182109127112120149151164170110136140148240246",144
"320","SEP0156671","182188123127110120149151172174108136140150240256",145
"321","SEP0156044","182188123127110120149151172174108136140150240256",145
"322","SEP0156696","174182125127098116135141170172124132140148248256",146
"323","SEP0156831","178182127127116120141141166170124124140150248256",147
"324","SEP0157375","178182127127116120141141166170124124140150248256",147
"325","SEP0156931","174188127127116116135147166170124124140140248256",148
"326","SEP0162296","174188127127116116135147166170124124140140248256",148
"327","SEP0162273","174188127127116116135147166170124124140140248256",148
"328","SEP0158966","174188127127116116135147166170124124140140248256",148
"329","SEP0156968","172182127127112122000000176176128132000000248248",149
"330","SEP0153299","172182127127112122000000174176128132140142248248",149
"331","SEP0156977","182182125127116116141147166170110132142142248254",150
"332","SEP0160276","182182125127116116141147166170110132142142248254",150
"333","SEP0157005","182184125127096116151151172176124130144150230240",151
"334","SEP0157454","182184125127096116151151172176124130144150230240",151
"335","SEP0157044","182182127127116120143151174174130132140150250256",152
"336","SEP0157522","182182127127116120143151170174130132140150250256",152
"337","SEP0162973","182182127127116120143151170174130132140150250256",152
"338","SEP0157065","178184121127096116145151174174124124140148248248",153
"339","SEP0160183","178184121127098116145151174174124124140148248248",153
"340","SEP0157050","178184121127098116145151174174124124140148248248",153
"341","SEP0157062","178184121127098116145151174174124124140148248248",153
"342","SEP0159872","178184121127098116145151174174124124140148248248",153
"343","SEP0157170","178184121127098116145151174174124124140148248248",153
"344","SEP0157099","178184121127098118145151174174124124140148248248",153
"345","SEP0157127","172188125127122122000000172174128132140150248248",154
"346","SEP0157225","182182123127110120141151170174134134144152250256",155
"347","SEP0157244","182182127127098120000000174173124124000000250256",156
"348","SEP0160349","182182127127098120143151170173124124140150250256",156
"349","SEP0160335","182182127127098120143151170173124124140150250256",156
"350","SEP0160343","182182127127098120143151170173124124140150250256",156
"351","SEP0164265","182182127127098120143151170173124124140150250256",156
"352","SEP0156723","182182127127098120143151170173124124140150250256",156
"353","SEP0158991","182182127127098120143143170173124124000000000000",156
"354","SEP0158197","182182127127098120143151170173124124140150250256",156
"355","SEP0157713","182182127127098120143151170173124124140150250256",156
"356","SEP0160340","182182127127098120143151170173124124140150250256",156
"357","SEP0157263","184194127127116120147151172174110128132150232256",157
"358","SEP0157298","182182107127116122151151166174110128140142248248",158
"359","SEP0157369","182184127127098112141141164176134134150150232250",159
"360","SEP0157383","178182123125098122151151176176132136140150240248",160
"361","SEP0155776","178182123125098122151151176176132136140150240248",160
"362","SEP0157353","178182123125098122151151176176132136140150240248",160
"363","SEP0157310","178182123125098122151151176176132136140150240248",160
"364","SEP0157442","178182123125098122151151176176132136140150240248",160
"365","SEP0157346","178182123125098122151151176176132136140150248248",160
"366","SEP0163840","178182123125098124151151176176132136140150240248",160
"367","SEP0157403","178182127127112120000000164170124132140150250256",161
"368","SEP0160114","178182127127112120141143164170124132140150250256",161
"369","SEP0154539","178182127127112120141143164170124132140150250256",161
"370","SEP0157420","178182127127112122141143170176132132140142254256",162
"371","SEP0157953","178182127127112120141143170176132132140142254256",162
"372","SEP0162381","178182127127112120141143170176132132140142254256",162
"373","SEP0156443","178182127127112120141143170176132132140142254256",162
"374","SEP0157230","178182127127112120141143170176134134140142254256",162
"375","SEP0157426","178184125127116120143151172176124132140150230256",163
"376","SEP0163923","178184125127116120143151172176124132140150230256",163
"377","SEP0157925","178184125127116120143151172176124132140150230256",163
"378","SEP0157428","172182127127116120141151164166124132140140248250",164
"379","SEP0157456","172182125127120120141143166173110130140142250256",165
"380","SEP0157487","178182117127112116141141166170124124140150240256",166
"381","SEP0154109","178182117127112116141141166170124124140150240256",166
"382","SEP0160154","178182115127112116141141166170124124140150240256",166
"383","SEP0163312","178188117127112116141143166170124132140150240256",166
"384","SEP0153062","178188117127112116141143166170124132140150240256",166
"385","SEP0157515","182182117127098116147151166166110130140142248256",167
"386","SEP0160361","182182115127098116147151166166110130140142248256",167
"387","SEP0160362","182182115127098116147151166166110130140142248256",167
"388","SEP0157519","172182127127098116141141166170132136140148248250",168
"389","SEP0157529","172182127127098116141141166170132136140148248250",168
"390","SEP0160957","172182127127098116141141166170132136140148248250",168
"391","SEP0157592","172182127127098116141141166170132136140148248250",168
"392","SEP0152789","172182127127098116141141166170132136140148248250",168
"393","SEP0160944","172182127127098116141141166170132136140148248250",168
"394","SEP0160972","172182127127098116141141166170132136140148248250",168
"395","SEP0160936","172182127127098116141141166170132136140148248250",168
"396","SEP0160931","172182127127098116141141166170132136140148248250",168
"397","SEP0160391","172182127127098116141141166170132136140148248250",168
"398","SEP0162300","172182127127098116141141166170132136140148248250",168
"399","SEP0157598","172182127127096116141141166170132136140148248250",168
"400","SEP0155330","172182127127098116141141166176124136140148240250",168
"401","SEP0157520","182182127127116116000000166174128128000000254254",169
"402","SEP0157543","186196127127120120149151172172124132132148230250",170
"403","SEP0157548","182182127127110116151151174176124136142150246246",171
"404","SEP0157559","174182125127096122135141170172134134142152230256",172
"405","SEP0157565","182182127127116116143147166174110128140142248254",173
"406","SEP0157523","182182127127116116143147166174110128140142248254",173
"407","SEP0157599","182188127127104112153151172174132134142150248250",174
"408","SEP0157941","182188125127104112151151172174132134142150248250",174
"409","SEP0157603","172182127127116116141151166173124132148150248256",175
"410","SEP0158149","172182127127116116141151166173124132148150248256",175
"411","SEP0157612","188188109123110116000000000000134136150150256256",176
"412","SEP0157640","172172127127116120141141166176124132140140248250",177
"413","SEP0157636","172172127127116120141141166176124132140140248250",177
"414","SEP0155585","172172127127116120141141166176124132140140248250",177
"415","SEP0156897","172172127127116120141141166176124132140140248250",177
"416","SEP0156621","172172127127116120141141166176124132140140248250",177
"417","SEP0162091","172172127127116120000000166176124132140140248250",177
"418","SEP0157659","182188127127112116135151166170124130142152248250",178
"419","SEP0153212","182188127127112116135151166170124130142152248250",178
"420","SEP0154605","182188127127112116135151166170124130142152248250",178
"421","SEP0157679","174184123127120120147151166174124132140150248250",179
"422","SEP0157700","182182121127116120143147173176124132140148240242",180
"423","SEP0164253","182182121127116120143147173176124132140148240242",180
"424","SEP0161098","182182121127116120143147173176124132140148240242",180
"425","SEP0160853","182182121127116120143147173176124132140148240242",180
"426","SEP0164249","182182121127116120143147173176124132140148240242",180
"427","SEP0164261","182182121127116122143147173176124132140148240242",180
"428","SEP0157712","172182127127112116143151174176124132140150248250",181
"429","SEP0157769","182182125127116116141151166176124124140140246250",182
"430","SEP0156642","182182125127116116141151166176124124140140246250",182
"431","SEP0157802","188188127127104104151151173173110132138150246250",183
"432","SEP0158886","188188127127104104151151173173110132150150246250",183
"433","SEP0158898","188188127127104104151151173173110132000000246246",183
"434","SEP0157916","182182127127098112000000170176124132140150254254",184
"435","SEP0157946","178182127127112116141151170172130132140144240254",185
"436","SEP0157926","178182127127112116141151170172130132140144240254",185
"437","SEP0157119","178182127127112116141151170172130132140144000000",185
"438","SEP0157994","178184127127110112141141164170124134150150232256",186
"439","SEP0158014","182182125127098112151151173176110132150150246248",187
"440","SEP0156949","182182125127098112151151173176110132150150246248",187
"441","SEP0158051","182182127127110120149149164170130136140150238248",188
"442","SEP0158138","172178127127098110135141164170128136140148256256",189
"443","SEP0158142","172178127127098110135141170170128136140148256256",189
"444","SEP0158140","174182127127098112151151172174124128150150000000",190
"445","SEP0157660","174182127127098112141151172174124128150150228250",190
"446","SEP0158150","174182121127122122141147166176124130150150240248",191
"447","SEP0158217","172172127127112122141141172174132132140140248248",192
"448","SEP0158219","172172127127112122000000174174128132142142248248",193
"449","SEP0153299","172182127127112122000000174176128132140142248248",193
"450","SEP0158273","182182127127120120147151164174108132140150256256",194
"451","SEP0158282","172184117125098116141151166172124130140150232248",195
"452","SEP0158344","182194127127116120141147170172110132132148232256",196
"453","SEP0158372","172182127127110112147151170176110130140152250250",197
"454","SEP0158526","182182123127098116147151170173124124140148248256",198
"455","SEP0155402","182182123127098116147151170173124124140148248256",198
"456","SEP0158651","174182123127110112141149170173124132142150248256",199
"457","SEP0161975","174182123127110112141149170173124132142150248256",199
"458","SEP0159363","174182123127110112141149170173124132142150248256",199
"459","SEP0160757","174182123127000000141149170173124132142150248256",199
"460","SEP0159358","174182123127110112141149170173124132142150256256",199
"461","SEP0158778","172182123127112116151151170172124132142148246246",200
"462","SEP0158792","174182127127120120135151166172128128140140246248",201
"463","SEP0158796","182188123123110112141141170172134136148150246250",202
"464","SEP0162097","182188121123110112000000170172134136148150250250",202
"465","SEP0158808","182184000000110112137137000000110110148152256256",203
"466","SEP0158882","178184127127120124135151170176132134140140246248",204
"467","SEP0162698","178184127127120124135151170176132134140140246248",204
"468","SEP0158890","178184127127120124135151170176132134140140246248",204
"469","SEP0152943","178184127127120124135151170176132134140140000000",204
"470","SEP0158939","174182125127098122135141170172132132140150230256",205
"471","SEP0158948","174182125127098122135141170172132132140150230256",205
"472","SEP0158946","178182117127098098143151164174132132140148254256",206
"473","SEP0158950","178182117127098098143151164174132132140148254256",206
"474","SEP0158947","172182125127098122151151166176124136142142246248",207
"475","SEP0159120","182182127127116122151151170172128130140140250256",208
"476","SEP0159231","182182127127096112000000166166124136000000248248",209
"477","SEP0159313","174188123127116122145149174176124132132142230248",210
"478","SEP0162299","174188123127116122145149174176124132132142230248",210
"479","SEP0156337","174188123127116122000000173176124132132142230248",210
"480","SEP0159322","182182127127116120000000000000128130140150248248",211
"481","SEP0156961","182182127127116120145151170174128130140150248256",211
"482","SEP0159330","184184123127112120000000173173136136150150248254",212
"483","SEP0159382","172172127127122122145151000000128130000000230248",213
"484","SEP0159392","172188123127110116151151166176128130132142240256",214
"485","SEP0159514","172182117127110110135147172172124128132140228252",215
"486","SEP0159516","172182117127110110135147172172124128132140228252",215
"487","SEP0159550","172182117127110110135147172172124128132140228252",215
"488","SEP0159524","172182117127110110135147172172124128132140228252",215
"489","SEP0162139","172182115127110110135147172172124128132140228252",215
"490","SEP0152940","172182115127110110135147172172124128132140228252",215
"491","SEP0159528","172182117127110110135147172172124128132140222246",215
"492","SEP0152944","172182117127110110135147172172124128132140226250",215
"493","SEP0162508","172182115127110110000000172172124128132140228252",215
"494","SEP0159536","182182117127110116135147170172128132132140250252",216
"495","SEP0152937","182182117127110116135147170172128132132140250252",216
"496","SEP0159581","182182115127110116135147170172128132132140250252",216
"497","SEP0162491","182182115127110116135147170172128132132140250252",216
"498","SEP0152954","182182115127110116135147170172128132132140250252",216
"499","SEP0159594","182182121127110116151151170173124132140150248250",217
"500","SEP0159590","182182121127110116151151170173124132140150248250",217
"501","SEP0152535","182182121127110116151151170173124132140150248250",217
"502","SEP0155566","182182121127110116151151170173124132140150248250",217
"503","SEP0159599","182182127127096112141141170172110130140140248248",218
"504","SEP0159577","182182127127096112141141170172110130140140248248",218
"505","SEP0159579","182182127127096112141141170172110130140140248248",218
"506","SEP0159582","182182127127096112141141170172110130140140248248",218
"507","SEP0164002","182182127127098112141141170172110130140140248248",218
"508","SEP0159552","182182127127098112141141170172110130140140248248",218
"509","SEP0159565","182182127127098112141141170172110130140140248248",218
"510","SEP0162908","182182127127098112141141170172110130140140248248",218
"511","SEP0161150","182182127127098112141141170172110130140140248248",218
"512","SEP0152966","182182127127098112141141170172108130140140248248",218
"513","SEP0164083","182182127127000000141141170172110136140140000000",218
"514","SEP0159700","182182117121110116135151164172128128132140228250",219
"515","SEP0161407","182182117121110116135151164172128128132140228250",219
"516","SEP0152980","182182117121110116135151164172128128132140228250",219
"517","SEP0159746","174178123127116122141151173173128128140142238254",220
"518","SEP0159750","172178121125120120143147174176128132142150250254",221
"519","SEP0155983","172178121125120120143147174176128132142150250254",221
"520","SEP0155990","178178121125120120143147174176128132142150250254",221
"521","SEP0155980","178178121125118120143147174176128132142150250254",221
"522","SEP0159778","182182123127098098141149170176130132142152250256",222
"523","SEP0153975","182182123127098098141149170176130132142152250256",222
"524","SEP0159785","000000125127120120000000166166128130140142246248",223
"525","SEP0152962","174188125127120120135151166166128130140142246248",223
"526","SEP0159801","182182127127112112141143164176110130148152240256",224
"527","SEP0159818","182182125127110112143143164170110132142152254256",225
"528","SEP0159846","172182127127098122000000166176124136000000246246",226
"529","SEP0159850","172182125127096112141147164166132132150150238256",227
"530","SEP0163928","172182125127096112141147164166132132140150240256",227
"531","SEP0160083","172182125127096112141147164166132132140150240256",227
"532","SEP0159017","172182125127096112141147164166132132140150240256",227
"533","SEP0159865","178184125127112120151151166173128128140152246248",228
"534","SEP0159866","174174127127098112141147170172110136140150250250",229
"535","SEP0163828","174174127127098112141147170172110136140150250250",229
"536","SEP0160099","174174127127098112000000172172110136140150250250",229
"537","SEP0159884","178182127127110114141151166172128132132140230230",230
"538","SEP0161523","178182127127110114141151166172128132132140230248",230
"539","SEP0157297","178182127127110114141151166172128132132140230248",230
"540","SEP0161511","178182127127110114141151166172128132132140230248",230
"541","SEP0160002","182182127127110116149151170172130136140150240246",231
"542","SEP0153365","182182127127110116149151170172130136140150240246",231
"543","SEP0160005","182184127127116120147151166174128128140140000000",232
"544","SEP0160025","182182127127120120145151170173128130140150248256",233
"545","SEP0156906","182182127127120120145151000174128130140150248256",233
"546","SEP0156036","182182127127120120145151172174128130140150248256",233
"547","SEP0156961","182182127127116120145151170174128130140150248256",233
"548","SEP0160044","172182125127112116141151166176124132140140232250",234
"549","SEP0158521","172182125127112116141151166176124132140140232250",234
"550","SEP0155713","172182125127112116141151166176124132140140232250",234
"551","SEP0156507","172182125127112116141151166176124132140140232250",234
"552","SEP0160054","182184127127116120141141170176128132142152248248",235
"553","SEP0157927","182184127127116120141141170176128132142152246248",235
"554","SEP0160073","182182127127110112143147166170124132142150250256",236
"555","SEP0157524","182182127127110112143147166170124132142150250256",236
"556","SEP0160093","174182127127098098141151166166124130140150232250",237
"557","SEP0160196","174182127127098098141151166166124130140150232250",237
"558","SEP0160096","182188127127098118143151166172134134140140240248",238
"559","SEP0162498","182188127127098118143143166172132134140140240248",238
"560","SEP0160100","178182125127098112151151173176124132140140250250",239
"561","SEP0157518","178182125127098112151151173176124132140140250250",239
"562","SEP0155973","178182125127098112151151173176124132140140250250",239
"563","SEP0153897","178182125127098112151151174176124132140140250250",239
"564","SEP0160111","182182123127116118135147164166130134140148232232",240
"565","SEP0160185","182182123127116118135147164166130134140148232232",240
"566","SEP0158491","182182123127116118135147164166130134140148232232",240
"567","SEP0160140","182182123127110112141143164170132132142152000000",241
"568","SEP0160155","182182123127110120141151170173132132142150250256",242
"569","SEP0160163","184186127129098122143153172172112112130130250250",243
"570","SEP0160172","182188125127104112151151170173132134142150248250",244
"571","SEP0157941","182188125127104112151151172174132134142150248250",244
"572","SEP0160255","172182127127112120141147170176110130148150240254",245
"573","SEP0161638","172182127127112120141147170176110130148150240254",245
"574","SEP0160278","182182125127116122145149174174124132132150240256",246
"575","SEP0160436","172188127127110124149151170174132134140144000000",247
"576","SEP0154127","172188127127110124149151170173132134140144248250",247
"577","SEP0160557","182184123127112120141151170173132136140150248250",248
"578","SEP0161944","182184123127112120141151170173132136140150248250",248
"579","SEP0162989","182184123127112120141151170173132136140150248250",248
"580","SEP0160602","174182127127116122141141170170128136140150248250",249
"581","SEP0154153","174182127127116122141141170170128136140150248250",249
"582","SEP0155866","174182127127116122141141170170128136140150248250",249
"583","SEP0160655","182182127127116118151151166176124130000000246246",250
"584","SEP0160633","182182127127116116151151166176124130140150000000",250
"585","SEP0160703","178182123127098110141151166176132134150152238250",251
"586","SEP0160720","172174125127110116141151170170110132140150250250",252
"587","SEP0157785","172174125127110116141151170170110132140150250250",252
"588","SEP0163617","172174125127110116141151170170110132140140246250",252
"589","SEP0160724","172182125127000120141141166170110132142150250254",253
"590","SEP0160682","172182125127116120141141166170110132142150250254",253
"591","SEP0160126","172182125127116120141141166170110132142150250254",253
"592","SEP0160618","172182125127116120141141166170110132142150250254",253
"593","SEP0160816","172182125127116120141141166170110132142150250254",253
"594","SEP0160726","172188125127104116141151172174132132140150248254",254
"595","SEP0160790","172184123125116116141141166176130132142148230254",255
"596","SEP0160835","182182125127114122151151170173128132140150246248",256
"597","SEP0162056","182182125127114122151151170173128132140150246248",256
"598","SEP0162442","182182125127114122151151170173128132140150246248",256
"599","SEP0162952","182182125127114122151151170173128132140150246248",256
"600","SEP0163047","182182125127114122151151170173128132140150246248",256
"601","SEP0162061","182182125127114122151151170173128132140150246248",256
"602","SEP0163223","182182125127114122151151170173128132140150246248",256
"603","SEP0160837","172182125127110120141151174174110128140150240248",257
"604","SEP0160893","172174123125116120141151170174110130140140248250",258
"605","SEP0160914","172182125127096096151151172176124130140140248250",259
"606","SEP0160356","172182125127096096151151172176124130140140248250",259
"607","SEP0157595","172182125127000000000000172176124130140140248250",259
"608","SEP0160964","172182127127116116151151166166124132142150246248",260
"609","SEP0152790","172182127127116116151151166166124132142150246248",260
"610","SEP0163369","172182127127116116151151166166124132142150246248",260
"611","SEP0160379","172182127127116116151151166166124132142150246248",260
"612","SEP0160969","182182127127096110143151170173124130148150246248",261
"613","SEP0157031","182182127127096110143151170173124130148150246248",261
"614","SEP0153568","182182127127098110143151170173124130148150246248",261
"615","SEP0160913","182182127127096110143151172173124130148150246248",261
"616","SEP0160974","176182000000096114143149172172112112130130244244",262
"617","SEP0160999","172184127127116120141147166178130132142148240250",263
"618","SEP0160763","172184127127116120141147166178130132142148240250",263
"619","SEP0162848","172184127127116120141147166178130132142148240250",263
"620","SEP0160934","172184127127116122141147166178130132142148240250",263
"621","SEP0157439","172184125127116120141147166179130132142148240250",263
"622","SEP0161139","172182121127112112135143164166128132140142250256",264
"623","SEP0161193","172182121127112112135143164166128132140142250256",264
"624","SEP0161152","178184000000098116000000166170124130150150256256",265
"625","SEP0162619","178184125127098116143151166170124130150150246256",265
"626","SEP0161164","174188123127110116151151166168124132148150246248",266
"627","SEP0161180","172182127127112120143143166176110128142148230256",267
"628","SEP0161135","172182127127112120143143166176110128142148230256",267
"629","SEP0161160","172182127127112120143143166176110128142148230256",267
"630","SEP0161166","172182127127112120143143166176110128142148230256",267
"631","SEP0161133","172182127127112120143143166176110128142148230256",267
"632","SEP0161168","172182127127112120143143166176110128142148230256",267
"633","SEP0162376","172182127127112120143143166176110128142148228256",267
"634","SEP0161190","172182127127112120143143166176110128142148228256",267
"635","SEP0161192","182184127127098112000000174176110136150150246248",268
"636","SEP0162063","182184127127098112147151176176110136150150246248",268
"637","SEP0162059","182184127127098112147151176176110138150150246248",268
"638","SEP0163807","184184127127098112147151176176110136150150246248",268
"639","SEP0161448","182184125127098112141151164174128132150150232240",269
"640","SEP0161452","186188123123112122141141170174128136150150248256",270
"641","SEP0161468","172172125125110116000000174174128128000000248248",271
"642","SEP0161504","182188125127112112000000170170110110130130000000",272
"643","SEP0161550","000000109109110112151151168170112112130130000000",273
"644","SEP0161609","182182125127116116143151174176110124140150232250",274
"645","SEP0160051","182182125127116116143151173176110124140150232250",274
"646","SEP0153207","182182125127116116143151173176110124140150232250",274
"647","SEP0153227","182182125127116116143151173176110124140150232250",274
"648","SEP0161634","178178117127098116147151164170132132140150248250",275
"649","SEP0161669","172182121127110116141151166174128132140140252256",276
"650","SEP0164108","172182121127110116141151166174128132140140252256",276
"651","SEP0159592","172182121127110116141151166174128132140140252256",276
"652","SEP0155070","172182121127110116141151166174128132140140252256",276
"653","SEP0161688","172182121127110116141151166174128132140140252256",276
"654","SEP0161677","174182127127098110147151166176130130148150248248",277
"655","SEP0159074","174182127127098110147151166176130130148150248248",277
"656","SEP0161693","178194121125096124149151172172132132132148226248",278
"657","SEP0162359","178194121125096124149151172172132132132148228248",278
"658","SEP0163808","178194121125096124149151172172132132132148228248",278
"659","SEP0161702","174182127127098122141147170170130136140140248250",279
"660","SEP0161749","182182125127116120135141166174108124140140248256",280
"661","SEP0161768","172182125127098110141141170172110134150150250256",281
"662","SEP0161759","172182125127098110141141170172110134150150250256",281
"663","SEP0155988","172182125127098110141141170172110134150150250256",281
"664","SEP0161772","172182127127110120151151170176130132144150246250",282
"665","SEP0152528","172182127127110120151151170176130132144150246250",282
"666","SEP0154140","172182127127110120151151170176130132144150246250",282
"667","SEP0154148","172182127127110120151151170176130132144150246250",282
"668","SEP0164371","172182127127110120151151170176130132144150246250",282
"669","SEP0161761","172182127127110120151151170176130132000000246250",282
"670","SEP0161793","172188115125096116143151176176124124142142230254",283
"671","SEP0161798","182182121127096110141145172176124132132140240248",284
"672","SEP0161791","182182121127098110141145172176124132132140240248",284
"673","SEP0161822","172178123127116120145151176176124134150150000248",285
"674","SEP0161949","182184127127110112143151166170124130150150246248",286
"675","SEP0161994","174174127127112122141141170170110130140150250250",287
"676","SEP0158375","174174127127112122141141170170110130140150250250",287
"677","SEP0153864","174174127127112122141141170170108130140150250250",287
"678","SEP0162000","172174127127110116149151174176124128142142228228",288
"679","SEP0162099","188188123123110112000000170172134134000000250250",289
"680","SEP0162152","172172117127116120151151170174124124140150240248",290
"681","SEP0163304","172172117127116120151151170173124124140150240248",290
"682","SEP0162267","172188127127116124145151166174128130140142230248",291
"683","SEP0162287","182184125127096116141141164166128130150150232248",292
"684","SEP0162294","182184127127098116141141164166128130150150232248",292
"685","SEP0162340","172172125127112120135141170172128132140150248250",293
"686","SEP0162354","182182127127116120143151172174124124140150246248",294
"687","SEP0162382","182184125127110110143151176176132132140150248256",295
"688","SEP0162446","174178127127098110141141170176128130140150250250",296
"689","SEP0153744","174178127127098110141141170176128130140150250250",296
"690","SEP0153600","174178125125098110141147170176128130140150250250",296
"691","SEP0162605","182182109127116116141151166176130130140142230256",297
"692","SEP0162841","172182125127116116000000000000124130140140248250",298
"693","SEP0157595","172182125127000000000000172176124130140140248250",298
"694","SEP0162959","182182127127122122151151174174128132140140246248",299
"695","SEP0162971","174174123127116122151151166166128132140142248248",300
"696","SEP0163277","182182121123110120141141166176124132148150248248",301
"697","SEP0163281","174182127127098110135141170172110128140150250256",302
"698","SEP0153605","174182127127098110135141170172110128140150250256",302
"699","SEP0163298","172182123127112124141145174176130132140140232248",303
"700","SEP0155401","172182123127112124141145176176130132140140232248",303
"701","SEP0158536","172182123127112122141145174176130132140140232248",303
"702","SEP0163800","172182123127112122141145174176130132140140232248",303
"703","SEP0162490","172182123127112122141145174176130132140140232248",303
"704","SEP0163826","172182123127112122141145174176130132140140230248",303
"705","SEP0153634","172182127127112122141145174176130132140140232248",303
"706","SEP0163305","180180115119108114000000000000112112130130224224",304
"707","SEP0163308","000000127127098112143143172174112112130130000000",305
"708","SEP0163325","172182127127110112151151170176128132142150230250",306
"709","SEP0160558","172182127127110112151151170176128132142150228250",306
"710","SEP0163371","182182109125120122141145166173110110150150246254",307
"711","SEP0163388","182188127127110122151151170176128132148150248250",308
"712","SEP0159898","182188127127110122151151170176128132148150248250",308
"713","SEP0162817","182188127127110122151151170176128132148150248250",308
"714","SEP0162808","182188127127110122151151170176128132148150248250",308
"715","SEP0155984","182188127127110122151151170176128132148150248250",308
"716","SEP0155971","182188127127110122000000170176128132148148248250",308
"717","SEP0163403","182186127127120120141147170172128136148150248254",309
"718","SEP0152876","182186127127120120141147170172128136148150248254",309
"719","SEP0163424","182186127127120120141147170172128136148150248254",309
"720","SEP0153934","182186127127120120141147170172128136148150248254",309
"721","SEP0153488","182186127127120120141147170172128136148150248254",309
"722","SEP0163404","178182117127110116135141166172124124140140240248",310
"723","SEP0156728","178182117127110116135141166172124124140140240248",310
"724","SEP0163423","178184117125110116135147166170124124140148240254",311
"725","SEP0156938","178184117125110116135147166170124124140148240254",311
"726","SEP0156745","178184117125110116135147166170124124140148240254",311
"727","SEP0155502","178184115125110116135147166170124124140148240254",311
"728","SEP0163427","178182125127116118141147166170124124140150248254",312
"729","SEP0163422","178182125127116118141147166170124124140150248254",312
"730","SEP0163428","182188117121110114141151172172124132150150240240",313
"731","SEP0163431","182188109127112120145151173173130132150150246248",314
"732","SEP0163489","172178125127116120147151164166130132150152256256",315
"733","SEP0163633","184188123125112120141147173173124132140150240248",316
"734","SEP0155059","184188123125112120141147173173124132140150240248",316
"735","SEP0157763","184188000000112120000000173173124132140150240248",316
"736","SEP0163657","182182121127098110141143166172130132140150248248",317
"737","SEP0163668","182188127127114116147151172176124128140140246246",318
"738","SEP0161765","182188127127114116147151172176124128140140246246",318
"739","SEP0163670","172182125125110116149151170174128128150150248252",319
"740","SEP0163680","172182125127116116141151170170128132150150248250",320
"741","SEP0161730","172182125127116116141151170170128132150150248250",320
"742","SEP0155379","172182125127116116141151170174124134150150248250",320
"743","SEP0163780","182188125127116122141151170176128132140152248250",321
"744","SEP0163803","174182123125110116141141166170110132140140248250",322
"745","SEP0163833","182182125127116122151151166172124124140140246248",323
"746","SEP0163838","174182123125098116141141170172128134150150248256",324
"747","SEP0155992","174182123125098116141141170172128134150150248256",324
"748","SEP0163846","184184123127112120135147166172110136150150244256",325
"749","SEP0155793","184184123127112120135147166172110136150150244256",325
"750","SEP0163862","178182121127120120151151170176132134140140246250",326
"751","SEP0163870","182182125127098112135147170176124130142148246248",327
"752","SEP0153517","182182125127098112135147170176124130142148246248",327
"753","SEP0153122","182182125127098112135147170176124130142148246248",327
"754","SEP0159808","182182125127098112135147170176124130142148246248",327
"755","SEP0163917","182188125127098116135151164166130132150152232250",328
"756","SEP0163935","178182113115098110143143164166128132148150240256",329
"757","SEP0157205","178182115115098110143143164166128132148150240256",329
"758","SEP0164000","182182125127120122147151172176128128140140230252",330
"759","SEP0164006","174178127127098124151151166166124124140140248250",331
"760","SEP0164008","174184127127110120135147164166124128140142248250",332
"761","SEP0164019","178182127127098122141151166176124124140140248250",333
"762","SEP0154319","178182127127098122141151166176124124140140248250",333
"763","SEP0164031","172184123127096112135151166172110128150150250256",334
"764","SEP0162483","172184123127098112135151166172110128150150250256",334
"765","SEP0163666","172184123127098112135151166172110128150150250256",334
"766","SEP0161655","172184123127098112151151166172110128150150250256",334
"767","SEP0164071","182182125127098116143147170172130136140148240248",335
"768","SEP0155791","182182125127098116000000170172130136140148000000",335
"769","SEP0164074","172184127127112112147151166176130136150150248256",336
"770","SEP0164088","172188125127098112147151176176110136150150246248",337
"771","SEP0160748","172188125127098112147151176176110136150150246248",337
"772","SEP0162063","182184127127098112147151176176110136150150246248",337
"773","SEP0163807","184184127127098112147151176176110136150150246248",337
"774","SEP0164094","174182121127110116143151166166124128140150240250",338
"775","SEP0164134","182188107127116124149151166170110134140142248248",339
"776","SEP0164196","178182107125112122141147166170132134132152248248",340
"777","SEP0158007","178182107125112122141147166170132134132152248248",340
"778","SEP0164247","182182127127110116141143166170124130148150246250",341
"779","SEP0164254","182182127127098120143151170173124124140150000000",342
"780","SEP0160349","182182127127098120143151170173124124140150250256",342
"781","SEP0160335","182182127127098120143151170173124124140150250256",342
"782","SEP0160343","182182127127098120143151170173124124140150250256",342
"783","SEP0164265","182182127127098120143151170173124124140150250256",342
"784","SEP0156723","182182127127098120143151170173124124140150250256",342
"785","SEP0158197","182182127127098120143151170173124124140150250256",342
"786","SEP0157713","182182127127098120143151170173124124140150250256",342
"787","SEP0160340","182182127127098120143151170173124124140150250256",342
"788","SEP0158991","182182127127098120143143170173124124000000000000",342
"789","SEP0164293","178188109109112116147151172173128130150152248248",343
"790","SEP0164308","172186127127096120141143172176124132142150228254",344
"791","SEP0164332","174182125127110120141151166174130132140140248248",345
"792","SEP0164334","174182127127098112135151164174128128148150232250",346
"793","SEP0164338","182184123127096112147151174174128132150150250250",347
"794","SEP0164364","182188107127102112143147170172128128132150240248",348
"795","SEP0164365","172182125125116122143151164176124124140142230248",349
"796","SEP0160963","172182125125116122143151164176124124140142232248",349
"797","SEP0164367","172182125125116122143151164176124124140142232248",349
"798","SEP0161785","172182125125116122143151164176124124140142232248",349
"799","SEP0157537","172182125125116122143151164176124124140142232248",349
"800","SEP0164386","188194000000096122147151170172124128148148240256",350
"801","SEP0153854","188194123127098122147151170172124128148148240256",350
"802","SEP0160112","188194123127098122147151170172124128148148240256",350
"803","SEP0164392","182184123127098112151151164170124130142148240248",351
"804","SEP0160179","182184123127098112151151164170124130142148240248",351
"805","SEP0157069","182184123127098112151151164170124130142148240248",351
"806","SEP0163926","182184123127098112151151164170124130142148240248",351
"807","SEP0161760","182184123127096112151151164170124130142148240248",351
"808","SEP0164395","172182123127116122141141164176128130150152232248",352
"809","SEP0164035","172182121127116122141141170176128132150152232248",352
"810","SEP0164422","182182127127098116141151172174128132140148240248",353
"811","SEP0164405","182182127127098116141151172174128132140148240248",353
